<?xml version="1.0" encoding="UTF-8"?>
<AnalyticsSettings xmlns="http://soap.sforce.com/2006/04/metadata">
    <alwaysGenPreviews>false</alwaysGenPreviews>
    <analyticsAdoptionMetadata>false</analyticsAdoptionMetadata>
    <autoInstallApps>false</autoInstallApps>
    <bundleCachingOptOut>false</bundleCachingOptOut>
    <canAccessAnalyticsViaAPI>false</canAccessAnalyticsViaAPI>
    <canAnnotateDashboards>false</canAnnotateDashboards>
    <canEnableSavedView>true</canEnableSavedView>
    <canExploreDataConversationally>false</canExploreDataConversationally>
    <canShareAppsWithCommunities>false</canShareAppsWithCommunities>
    <canViewThumbnailAssets>false</canViewThumbnailAssets>
    <concurrencyLimitSharing>false</concurrencyLimitSharing>
    <enableAmazonRedshiftOutputConnector>false</enableAmazonRedshiftOutputConnector>
    <enableAnalyticsSharingEnable>true</enableAnalyticsSharingEnable>
    <enableAutoCompleteCombo>true</enableAutoCompleteCombo>
    <enableAzureDLGen2OutputConnector>false</enableAzureDLGen2OutputConnector>
    <enableCreateLegacyDataflows>true</enableCreateLegacyDataflows>
    <enableDashboardComponentSnapshot>false</enableDashboardComponentSnapshot>
    <enableDashboardFlexiTable>true</enableDashboardFlexiTable>
    <enableDataCloudReportingPref>true</enableDataCloudReportingPref>
    <enableEmailReportsToPortalUsers>false</enableEmailReportsToPortalUsers>
    <enableFirebirdEditor>false</enableFirebirdEditor>
    <enableFloatingReportHeaders>true</enableFloatingReportHeaders>
    <enableInsights>true</enableInsights>
    <enableLightningReportBuilder>false</enableLightningReportBuilder>
    <enableLotusNotesImages>false</enableLotusNotesImages>
    <enableMassEnableReportBuilder>true</enableMassEnableReportBuilder>
    <enableNewChartsEngine>true</enableNewChartsEngine>
    <enableNullDimension>false</enableNullDimension>
    <enableOrgCanSeeLivePreviews>false</enableOrgCanSeeLivePreviews>
    <enableOrgCanViewTableau>false</enableOrgCanViewTableau>
    <enableOrgCanViewThumbnailForOA>true</enableOrgCanViewThumbnailForOA>
    <enableOrgHasMobileOfflineEnabled>true</enableOrgHasMobileOfflineEnabled>
    <enableOrgHasWatchlistEnabled>true</enableOrgHasWatchlistEnabled>
    <enableQueryLiveConnectors>true</enableQueryLiveConnectors>
    <enableRemoveFooterForRepDisplay>false</enableRemoveFooterForRepDisplay>
    <enableRemoveFooterFromRepExp>false</enableRemoveFooterFromRepExp>
    <enableReportHideXlsExportPref>false</enableReportHideXlsExportPref>
    <enableReportInlineEditPref>true</enableReportInlineEditPref>
    <enableReportNotificationsEnable>true</enableReportNotificationsEnable>
    <enableReportSubOrgEmailPref>false</enableReportSubOrgEmailPref>
    <enableRequestPrioritySchdl>false</enableRequestPrioritySchdl>
    <enableS1AnalyticsEclairEnable>true</enableS1AnalyticsEclairEnable>
    <enableS3OutputConnector>false</enableS3OutputConnector>
    <enableSFXJoinedReportsEnable>false</enableSFXJoinedReportsEnable>
    <enableSalesforceOutputConnector>false</enableSalesforceOutputConnector>
    <enableSecureImageSharing>false</enableSecureImageSharing>
    <enableSnowflakeOutputConnector>false</enableSnowflakeOutputConnector>
    <enableSummaryFilterOrgPref>false</enableSummaryFilterOrgPref>
    <enableTableauHyperOutputConnector>false</enableTableauHyperOutputConnector>
    <enableUseOldChartsLookAndFeel>false</enableUseOldChartsLookAndFeel>
    <enableWaveAssetsNewDateVersion>false</enableWaveAssetsNewDateVersion>
    <enableWaveIndexMVDim>true</enableWaveIndexMVDim>
    <enableWaveIndexMVDimV2>false</enableWaveIndexMVDimV2>
    <enableWaveRecordNavigation>false</enableWaveRecordNavigation>
    <enableWaveReplication>false</enableWaveReplication>
    <enableWaveSharingInheritance>false</enableWaveSharingInheritance>
    <enableWaveSqlCFIndexing>false</enableWaveSqlCFIndexing>
    <enableWaveTrendedDatasetCleanup>false</enableWaveTrendedDatasetCleanup>
    <isDiscoveryOptimizationEnabled>false</isDiscoveryOptimizationEnabled>
    <isHighVolumePushbackEnabled>false</isHighVolumePushbackEnabled>
    <maxHoursAppInProgress>48</maxHoursAppInProgress>
    <queryCachingOptOut>false</queryCachingOptOut>
    <recipeDirectDataPref>true</recipeDirectDataPref>
    <recipeFiscalPref>false</recipeFiscalPref>
    <recipePreCachingOptOut>false</recipePreCachingOptOut>
    <recipeStagedDataPref>false</recipeStagedDataPref>
    <replaceBlankMeasuresWithNulls>false</replaceBlankMeasuresWithNulls>
    <turnOnTimeZones>false</turnOnTimeZones>
</AnalyticsSettings>
