<?xml version="1.0" encoding="UTF-8"?>
<CustomField xmlns="http://soap.sforce.com/2006/04/metadata">
    <fullName>Interval__c</fullName>
    <description>Salary interval</description>
    <label>Interval</label>
    <required>false</required>
    <trackHistory>false</trackHistory>
    <trackTrending>false</trackTrending>
    <type>Picklist</type>
    <valueSet>
        <restricted>true</restricted>
        <valueSetDefinition>
            <sorted>false</sorted>
            <value>
                <fullName>Yearly</fullName>
                <default>false</default>
                <label>Yearly</label>
            </value>
            <value>
                <fullName>Monthly</fullName>
                <default>false</default>
                <label>Monthly</label>
            </value>
            <value>
                <fullName>Hourly</fullName>
                <default>false</default>
                <label>Hourly</label>
            </value>
        </valueSetDefinition>
    </valueSet>
</CustomField>
