<?xml version="1.0" encoding="UTF-8"?>
<CustomField xmlns="http://soap.sforce.com/2006/04/metadata">
    <fullName>Remote_Policy__c</fullName>
    <label>Remote Policy</label>
    <required>false</required>
    <trackHistory>false</trackHistory>
    <trackTrending>false</trackTrending>
    <type>Picklist</type>
    <valueSet>
        <restricted>true</restricted>
        <valueSetDefinition>
            <sorted>false</sorted>
            <value>
                <fullName>None</fullName>
                <default>false</default>
                <label>None</label>
            </value>
            <value>
                <fullName>Hybrid</fullName>
                <default>false</default>
                <label>Hybrid</label>
            </value>
            <value>
                <fullName>Remote-First</fullName>
                <default>false</default>
                <label>Remote-First</label>
            </value>
            <value>
                <fullName>Fully Remote</fullName>
                <default>false</default>
                <label>Fully Remote</label>
            </value>
        </valueSetDefinition>
    </valueSet>
</CustomField>
