<?xml version="1.0" encoding="UTF-8"?>
<CustomField xmlns="http://soap.sforce.com/2006/04/metadata">
    <fullName>Job_Type__c</fullName>
    <label>Job Type</label>
    <required>false</required>
    <trackHistory>false</trackHistory>
    <trackTrending>false</trackTrending>
    <type>Picklist</type>
    <valueSet>
        <restricted>true</restricted>
        <valueSetDefinition>
            <sorted>false</sorted>
            <value>
                <fullName>Full-time</fullName>
                <default>false</default>
                <label>Full-time</label>
            </value>
            <value>
                <fullName>Part-time</fullName>
                <default>false</default>
                <label>Part-time</label>
            </value>
            <value>
                <fullName>Contract</fullName>
                <default>false</default>
                <label>Contract</label>
            </value>
            <value>
                <fullName>Temporary</fullName>
                <default>false</default>
                <label>Temporary</label>
            </value>
            <value>
                <fullName>Internship</fullName>
                <default>false</default>
                <label>Internship</label>
            </value>
        </valueSetDefinition>
    </valueSet>
</CustomField>
