<?xml version="1.0" encoding="UTF-8"?>
<ReportType xmlns="http://soap.sforce.com/2006/04/metadata">
    <autogenerated>true</autogenerated>
    <baseObject>FlowOrchestrationStepInstance</baseObject>
    <category>other</category>
    <deployed>true</deployed>
    <description>Find out which orchestration work items were created, who&apos;s the associated assignee, and what&apos;s the current status of each work item.</description>
    <join>
        <outerJoin>false</outerJoin>
        <relationship>FlowOrchestrationWorkItems</relationship>
    </join>
    <label>Orchestration Work Items Spring &apos;24</label>
    <sections>
        <columns>
            <checkedByDefault>true</checkedByDefault>
            <field>Name</field>
            <table>FlowOrchestrationStepInstance.FlowOrchestrationWorkItems</table>
        </columns>
        <columns>
            <checkedByDefault>false</checkedByDefault>
            <field>CreatedDate</field>
            <table>FlowOrchestrationStepInstance.FlowOrchestrationWorkItems</table>
        </columns>
        <columns>
            <checkedByDefault>false</checkedByDefault>
            <field>CreatedBy</field>
            <table>FlowOrchestrationStepInstance.FlowOrchestrationWorkItems</table>
        </columns>
        <columns>
            <checkedByDefault>false</checkedByDefault>
            <field>LastModifiedDate</field>
            <table>FlowOrchestrationStepInstance.FlowOrchestrationWorkItems</table>
        </columns>
        <columns>
            <checkedByDefault>false</checkedByDefault>
            <field>LastModifiedBy</field>
            <table>FlowOrchestrationStepInstance.FlowOrchestrationWorkItems</table>
        </columns>
        <columns>
            <checkedByDefault>false</checkedByDefault>
            <displayNameOverride>Assigned User</displayNameOverride>
            <field>Assignee.User</field>
            <table>FlowOrchestrationStepInstance.FlowOrchestrationWorkItems</table>
        </columns>
        <columns>
            <checkedByDefault>false</checkedByDefault>
            <displayNameOverride>Assigned Group or Queue</displayNameOverride>
            <field>Assignee.Group</field>
            <table>FlowOrchestrationStepInstance.FlowOrchestrationWorkItems</table>
        </columns>
        <columns>
            <checkedByDefault>false</checkedByDefault>
            <field>Status</field>
            <table>FlowOrchestrationStepInstance.FlowOrchestrationWorkItems</table>
        </columns>
        <columns>
            <checkedByDefault>false</checkedByDefault>
            <field>Id</field>
            <table>FlowOrchestrationStepInstance.FlowOrchestrationWorkItems</table>
        </columns>
        <masterLabel>Orchestration Work Items</masterLabel>
    </sections>
    <sections>
        <columns>
            <checkedByDefault>true</checkedByDefault>
            <displayNameOverride>Orchestration Step Run: Name</displayNameOverride>
            <field>Name</field>
            <table>FlowOrchestrationStepInstance</table>
        </columns>
        <columns>
            <checkedByDefault>false</checkedByDefault>
            <displayNameOverride>Orchestration Step Run: Label</displayNameOverride>
            <field>Label</field>
            <table>FlowOrchestrationStepInstance</table>
        </columns>
        <columns>
            <checkedByDefault>false</checkedByDefault>
            <displayNameOverride>Orchestration Step Run: Status</displayNameOverride>
            <field>Status</field>
            <table>FlowOrchestrationStepInstance</table>
        </columns>
        <masterLabel>Orchestration Step Runs</masterLabel>
    </sections>
</ReportType>
