<?xml version="1.0" encoding="UTF-8"?>
<CustomField xmlns="http://soap.sforce.com/2006/04/metadata">
    <fullName>Provider__c</fullName>
    <description>Source job board</description>
    <label>Provider</label>
    <required>true</required>
    <trackHistory>false</trackHistory>
    <trackTrending>false</trackTrending>
    <type>Picklist</type>
    <valueSet>
        <restricted>true</restricted>
        <valueSetDefinition>
            <sorted>true</sorted>
            <value>
                <fullName>Dice</fullName>
                <default>false</default>
                <label>Dice</label>
            </value>
            <value>
                <fullName>FlexJobs</fullName>
                <default>false</default>
                <label>FlexJobs</label>
            </value>
            <value>
                <fullName>Glassdoor</fullName>
                <default>false</default>
                <label>Glassdoor</label>
            </value>
            <value>
                <fullName>Greenhouse</fullName>
                <default>false</default>
                <label>Greenhouse</label>
            </value>
            <value>
                <fullName>Indeed</fullName>
                <default>false</default>
                <label>Indeed</label>
            </value>
            <value>
                <fullName>Ladders</fullName>
                <default>false</default>
                <label>Ladders</label>
            </value>
            <value>
                <fullName>Lever</fullName>
                <default>false</default>
                <label>Lever</label>
            </value>
            <value>
                <fullName>LinkedIn</fullName>
                <default>false</default>
                <label>LinkedIn</label>
            </value>
        </valueSetDefinition>
    </valueSet>
</CustomField>
