<?xml version="1.0" encoding="UTF-8"?>
<CustomObject xmlns="http://soap.sforce.com/2006/04/metadata">
    <articleTypeChannelDisplay>
        <articleTypeTemplates>
            <channel>App</channel>
            <template>Tab</template>
        </articleTypeTemplates>
        <articleTypeTemplates>
            <channel>Prm</channel>
            <template>Tab</template>
        </articleTypeTemplates>
        <articleTypeTemplates>
            <channel>Csp</channel>
            <template>Tab</template>
        </articleTypeTemplates>
        <articleTypeTemplates>
            <channel>Pkb</channel>
            <template>Toc</template>
        </articleTypeTemplates>
    </articleTypeChannelDisplay>
    <compactLayoutAssignment>Knowledgekav</compactLayoutAssignment>
    <deploymentStatus>Deployed</deploymentStatus>
    <enableFeeds>false</enableFeeds>
    <enableHistory>false</enableHistory>
    <externalSharingModel>Private</externalSharingModel>
    <label>Knowledge</label>
    <pluralLabel>Knowledge</pluralLabel>
    <searchLayouts></searchLayouts>
    <sharingModel>ReadWrite</sharingModel>
</CustomObject>
