<?xml version="1.0" encoding="UTF-8"?>
<PermissionSetGroup xmlns="http://soap.sforce.com/2006/04/metadata">
    <description>Schedule service appointments and dispatch service resources from the dispatcher console.</description>
    <hasActivationRequired>false</hasActivationRequired>
    <label>Dispatcher for Field Service</label>
    <permissionSets>FSL_Dispatcher_License</permissionSets>
    <permissionSets>FSL_Dispatcher_Permissions</permissionSets>
    <status>Updated</status>
</PermissionSetGroup>
