<?xml version="1.0" encoding="UTF-8"?>
<PermissionSet xmlns="http://soap.sforce.com/2006/04/metadata">
    <description>Grants access to the Named Credentials needed to authenticate to work environments. Created and maintained automatically by DevOps Center.</description>
    <hasActivationRequired>false</hasActivationRequired>
    <label>sf_devops_NamedCredentials</label>
    <userPermissions>
        <enabled>true</enabled>
        <name>ApiEnabled</name>
    </userPermissions>
</PermissionSet>
