<?xml version="1.0" encoding="UTF-8"?>
<PermissionSetGroup xmlns="http://soap.sforce.com/2006/04/metadata">
    <description>Use Field Service in the field and receive service appointments.</description>
    <hasActivationRequired>false</hasActivationRequired>
    <label>Service Resource for Field Service</label>
    <permissionSets>FSL_Mobile_License</permissionSets>
    <permissionSets>FSL_Resource_License</permissionSets>
    <permissionSets>FSL_Resource_Permissions</permissionSets>
    <permissionSets>force__FieldServiceMobileStandardPermSet</permissionSets>
    <status>Updated</status>
</PermissionSetGroup>
