<?xml version="1.0" encoding="UTF-8"?>
<CustomField xmlns="http://soap.sforce.com/2006/04/metadata">
    <fullName>Workplace_Type__c</fullName>
    <label>Workplace Type</label>
    <required>false</required>
    <trackHistory>false</trackHistory>
    <trackTrending>false</trackTrending>
    <type>Picklist</type>
    <valueSet>
        <restricted>true</restricted>
        <valueSetDefinition>
            <sorted>false</sorted>
            <value>
                <fullName>Remote</fullName>
                <default>false</default>
                <label>Remote</label>
            </value>
            <value>
                <fullName>Hybrid</fullName>
                <default>false</default>
                <label>Hybrid</label>
            </value>
            <value>
                <fullName>On-site</fullName>
                <default>false</default>
                <label>On-site</label>
            </value>
        </valueSetDefinition>
    </valueSet>
</CustomField>
