<?xml version="1.0" encoding="UTF-8"?>
<QuickAction xmlns="http://soap.sforce.com/2006/04/metadata">
    <fieldOverrides>
        <field>ToIds</field>
        <formula>Case.ContactId</formula>
    </fieldOverrides>
    <optionsCreateFeedItem>true</optionsCreateFeedItem>
    <quickActionLayout>
        <layoutSectionStyle>TwoColumnsLeftToRight</layoutSectionStyle>
        <quickActionLayoutColumns>
            <quickActionLayoutItems>
                <emptySpace>false</emptySpace>
                <field>ValidatedFromAddress</field>
                <uiBehavior>Edit</uiBehavior>
            </quickActionLayoutItems>
            <quickActionLayoutItems>
                <emptySpace>false</emptySpace>
                <field>ToAddress</field>
                <uiBehavior>Edit</uiBehavior>
            </quickActionLayoutItems>
            <quickActionLayoutItems>
                <emptySpace>false</emptySpace>
                <field>CcAddress</field>
                <uiBehavior>Edit</uiBehavior>
            </quickActionLayoutItems>
            <quickActionLayoutItems>
                <emptySpace>false</emptySpace>
                <field>BccAddress</field>
                <uiBehavior>Edit</uiBehavior>
            </quickActionLayoutItems>
            <quickActionLayoutItems>
                <emptySpace>false</emptySpace>
                <field>Subject</field>
                <uiBehavior>Edit</uiBehavior>
            </quickActionLayoutItems>
            <quickActionLayoutItems>
                <emptySpace>false</emptySpace>
                <field>HtmlBody</field>
                <uiBehavior>Edit</uiBehavior>
            </quickActionLayoutItems>
        </quickActionLayoutColumns>
        <quickActionLayoutColumns/>
    </quickActionLayout>
    <standardLabel>SendEmail</standardLabel>
    <targetObject>EmailMessage</targetObject>
    <targetParentField>Parent</targetParentField>
    <type>SendEmail</type>
</QuickAction>
