<?xml version="1.0" encoding="UTF-8"?>
<PermissionSet xmlns="http://soap.sforce.com/2006/04/metadata">
    <description>Knowledge Manager Permission Set</description>
    <fieldPermissions>
        <editable>true</editable>
        <field>Knowledge__kav.Content__c</field>
        <readable>true</readable>
    </fieldPermissions>
    <fieldPermissions>
        <editable>true</editable>
        <field>Knowledge__kav.DigitalEngagementResponse__c</field>
        <readable>true</readable>
    </fieldPermissions>
    <fieldPermissions>
        <editable>true</editable>
        <field>Knowledge__kav.InternalNotes__c</field>
        <readable>true</readable>
    </fieldPermissions>
    <fieldPermissions>
        <editable>true</editable>
        <field>Knowledge__kav.Question__c</field>
        <readable>true</readable>
    </fieldPermissions>
    <hasActivationRequired>false</hasActivationRequired>
    <label>Knowledge Manager</label>
    <objectPermissions>
        <allowCreate>true</allowCreate>
        <allowDelete>true</allowDelete>
        <allowEdit>true</allowEdit>
        <allowRead>true</allowRead>
        <modifyAllRecords>false</modifyAllRecords>
        <object>Knowledge__kav</object>
        <viewAllRecords>false</viewAllRecords>
    </objectPermissions>
    <userPermissions>
        <enabled>true</enabled>
        <name>AllowUniversalSearch</name>
    </userPermissions>
    <userPermissions>
        <enabled>true</enabled>
        <name>AllowViewKnowledge</name>
    </userPermissions>
    <userPermissions>
        <enabled>true</enabled>
        <name>ArchiveArticles</name>
    </userPermissions>
    <userPermissions>
        <enabled>true</enabled>
        <name>EditKnowledge</name>
    </userPermissions>
    <userPermissions>
        <enabled>true</enabled>
        <name>EditTranslation</name>
    </userPermissions>
    <userPermissions>
        <enabled>true</enabled>
        <name>ManageKnowledge</name>
    </userPermissions>
    <userPermissions>
        <enabled>true</enabled>
        <name>PublishArticles</name>
    </userPermissions>
    <userPermissions>
        <enabled>true</enabled>
        <name>PublishTranslation</name>
    </userPermissions>
    <userPermissions>
        <enabled>true</enabled>
        <name>SubmitForTranslation</name>
    </userPermissions>
    <userPermissions>
        <enabled>true</enabled>
        <name>ViewArchivedArticles</name>
    </userPermissions>
    <userPermissions>
        <enabled>true</enabled>
        <name>ViewDraftArticles</name>
    </userPermissions>
</PermissionSet>
