<?xml version="1.0" encoding="UTF-8"?>
<Flow xmlns="http://soap.sforce.com/2006/04/metadata">
    <choices>
        <name>S_344a755f_3388_4a94_b961_7cd133ec37bd</name>
        <choiceText>Bad</choiceText>
        <dataType>Number</dataType>
        <value>
            <numberValue>1.0</numberValue>
        </value>
    </choices>
    <choices>
        <name>S_9cd4e348_f332_4d5b_8dcc_73edd5804ed3</name>
        <choiceText>Good</choiceText>
        <dataType>Number</dataType>
        <value>
            <numberValue>5.0</numberValue>
        </value>
    </choices>
    <choices>
        <name>S_a153b515_9df7_4e43_86c3_4f5c3751f471</name>
        <choiceText>2</choiceText>
        <dataType>Number</dataType>
        <value>
            <numberValue>2.0</numberValue>
        </value>
    </choices>
    <choices>
        <name>S_cce653f4_b3c7_460a_9878_01f80ea8346e</name>
        <choiceText>4</choiceText>
        <dataType>Number</dataType>
        <value>
            <numberValue>4.0</numberValue>
        </value>
    </choices>
    <choices>
        <name>S_e0496b79_de28_41ef_b4b1_3edf92a32083</name>
        <choiceText>3</choiceText>
        <dataType>Number</dataType>
        <value>
            <numberValue>3.0</numberValue>
        </value>
    </choices>
    <interviewLabel>Customer Satisfaction</interviewLabel>
    <label>Customer Satisfaction</label>
    <processMetadataValues>
        <name>advanceThankYouPageEnabled</name>
        <value>
            <booleanValue>false</booleanValue>
        </value>
    </processMetadataValues>
    <processMetadataValues>
        <name>autoProgressEnabled</name>
        <value>
            <booleanValue>false</booleanValue>
        </value>
    </processMetadataValues>
    <processMetadataValues>
        <name>autosaveTimeWindow</name>
        <value>
            <numberValue>5.0</numberValue>
        </value>
    </processMetadataValues>
    <processMetadataValues>
        <name>hasWelcomePage</name>
        <value>
            <booleanValue>false</booleanValue>
        </value>
    </processMetadataValues>
    <processMetadataValues>
        <name>isAutosaveEnabled</name>
        <value>
            <booleanValue>false</booleanValue>
        </value>
    </processMetadataValues>
    <processMetadataValues>
        <name>isSimpleSurvey</name>
        <value>
            <booleanValue>false</booleanValue>
        </value>
    </processMetadataValues>
    <processMetadataValues>
        <name>overrideActiveVersion</name>
        <value>
            <booleanValue>false</booleanValue>
        </value>
    </processMetadataValues>
    <processMetadataValues>
        <name>surveyType</name>
        <value>
            <stringValue>Survey</stringValue>
        </value>
    </processMetadataValues>
    <processType>Survey</processType>
    <screens>
        <name>surveyQuestionPage</name>
        <label>Page 1</label>
        <locationX>0</locationX>
        <locationY>0</locationY>
        <allowBack>true</allowBack>
        <allowFinish>true</allowFinish>
        <allowPause>true</allowPause>
        <fields>
            <processMetadataValues>
                <name>autoProgressAction</name>
                <value>
                    <stringValue>NONE</stringValue>
                </value>
            </processMetadataValues>
            <processMetadataValues>
                <name>defaultValue</name>
                <value>
                    <elementReference>var_q_4d3f853b_4453_495f_a7db_5f9a53981529_defaultValue</elementReference>
                </value>
            </processMetadataValues>
            <name>q_4d3f853b_4453_495f_a7db_5f9a53981529</name>
            <choiceReferences>S_344a755f_3388_4a94_b961_7cd133ec37bd</choiceReferences>
            <choiceReferences>S_a153b515_9df7_4e43_86c3_4f5c3751f471</choiceReferences>
            <choiceReferences>S_e0496b79_de28_41ef_b4b1_3edf92a32083</choiceReferences>
            <choiceReferences>S_cce653f4_b3c7_460a_9878_01f80ea8346e</choiceReferences>
            <choiceReferences>S_9cd4e348_f332_4d5b_8dcc_73edd5804ed3</choiceReferences>
            <dataType>Number</dataType>
            <extensionName>survey:runtimeRating</extensionName>
            <fieldText>How would you rate our service?</fieldText>
            <fieldType>ComponentChoice</fieldType>
            <isRequired>false</isRequired>
            <scale>0</scale>
        </fields>
        <fields>
            <processMetadataValues>
                <name>autoProgressAction</name>
                <value>
                    <stringValue>NONE</stringValue>
                </value>
            </processMetadataValues>
            <name>q_1a264dd3_a662_4c5d_ba02_1d1189055dbe</name>
            <dataType>String</dataType>
            <fieldText>Any comments or feedback for us?</fieldText>
            <fieldType>InputField</fieldType>
            <isRequired>false</isRequired>
        </fields>
        <pausedText>To pick up where you left off, refresh this page, or open the survey again.</pausedText>
        <showFooter>true</showFooter>
        <showHeader>true</showHeader>
    </screens>
    <startElementReference>surveyQuestionPage</startElementReference>
    <status>Active</status>
    <textTemplates>
        <name>thankYouDescriptionTextTemplate</name>
        <isViewedAsPlainText>false</isViewedAsPlainText>
        <text></text>
    </textTemplates>
    <textTemplates>
        <name>thankYouLabelTextTemplate</name>
        <isViewedAsPlainText>false</isViewedAsPlainText>
        <text>Thanks for participating!</text>
    </textTemplates>
    <variables>
        <name>guestUserLang</name>
        <dataType>String</dataType>
        <isCollection>false</isCollection>
        <isInput>true</isInput>
        <isOutput>true</isOutput>
    </variables>
    <variables>
        <name>invitationId</name>
        <dataType>String</dataType>
        <isCollection>false</isCollection>
        <isInput>true</isInput>
        <isOutput>true</isOutput>
        <value>
            <stringValue></stringValue>
        </value>
    </variables>
    <variables>
        <name>previewMode</name>
        <dataType>Boolean</dataType>
        <isCollection>false</isCollection>
        <isInput>true</isInput>
        <isOutput>true</isOutput>
        <value>
            <booleanValue>false</booleanValue>
        </value>
    </variables>
    <variables>
        <name>thankYouDescription</name>
        <dataType>String</dataType>
        <isCollection>false</isCollection>
        <isInput>true</isInput>
        <isOutput>true</isOutput>
        <value>
            <stringValue>{!thankYouDescriptionTextTemplate}</stringValue>
        </value>
    </variables>
    <variables>
        <name>thankYouLabel</name>
        <dataType>String</dataType>
        <isCollection>false</isCollection>
        <isInput>true</isInput>
        <isOutput>true</isOutput>
        <value>
            <stringValue>{!thankYouLabelTextTemplate}</stringValue>
        </value>
    </variables>
    <variables>
        <name>var_q_4d3f853b_4453_495f_a7db_5f9a53981529_defaultValue</name>
        <dataType>String</dataType>
        <isCollection>false</isCollection>
        <isInput>true</isInput>
        <isOutput>false</isOutput>
    </variables>
</Flow>
