<?xml version="1.0" encoding="UTF-8"?>
<CustomField xmlns="http://soap.sforce.com/2006/04/metadata">
    <fullName>Status__c</fullName>
    <description>Status of Job Posting</description>
    <label>Status</label>
    <required>true</required>
    <trackHistory>false</trackHistory>
    <trackTrending>false</trackTrending>
    <type>Picklist</type>
    <valueSet>
        <restricted>true</restricted>
        <valueSetDefinition>
            <sorted>false</sorted>
            <value>
                <fullName>Active</fullName>
                <default>false</default>
                <label>Active</label>
            </value>
            <value>
                <fullName>Inactive</fullName>
                <default>false</default>
                <label>Inactive</label>
            </value>
            <value>
                <fullName>Expired</fullName>
                <default>false</default>
                <label>Expired</label>
            </value>
            <value>
                <fullName>Filled</fullName>
                <default>false</default>
                <label>Filled</label>
            </value>
        </valueSetDefinition>
    </valueSet>
</CustomField>
