<?xml version="1.0" encoding="UTF-8"?>
<Profile xmlns="http://soap.sforce.com/2006/04/metadata">
    <classAccesses>
        <apexClass>ChangePasswordController</apexClass>
        <enabled>true</enabled>
    </classAccesses>
    <classAccesses>
        <apexClass>ChangePasswordControllerTest</apexClass>
        <enabled>true</enabled>
    </classAccesses>
    <classAccesses>
        <apexClass>CommunitiesLandingController</apexClass>
        <enabled>true</enabled>
    </classAccesses>
    <classAccesses>
        <apexClass>CommunitiesLandingControllerTest</apexClass>
        <enabled>true</enabled>
    </classAccesses>
    <classAccesses>
        <apexClass>CommunitiesLoginController</apexClass>
        <enabled>true</enabled>
    </classAccesses>
    <classAccesses>
        <apexClass>CommunitiesLoginControllerTest</apexClass>
        <enabled>true</enabled>
    </classAccesses>
    <classAccesses>
        <apexClass>CommunitiesSelfRegConfirmController</apexClass>
        <enabled>true</enabled>
    </classAccesses>
    <classAccesses>
        <apexClass>CommunitiesSelfRegConfirmControllerTest</apexClass>
        <enabled>true</enabled>
    </classAccesses>
    <classAccesses>
        <apexClass>CommunitiesSelfRegController</apexClass>
        <enabled>true</enabled>
    </classAccesses>
    <classAccesses>
        <apexClass>CommunitiesSelfRegControllerTest</apexClass>
        <enabled>true</enabled>
    </classAccesses>
    <classAccesses>
        <apexClass>ForgotPasswordController</apexClass>
        <enabled>true</enabled>
    </classAccesses>
    <classAccesses>
        <apexClass>ForgotPasswordControllerTest</apexClass>
        <enabled>true</enabled>
    </classAccesses>
    <classAccesses>
        <apexClass>MicrobatchSelfRegController</apexClass>
        <enabled>true</enabled>
    </classAccesses>
    <classAccesses>
        <apexClass>MicrobatchSelfRegControllerTest</apexClass>
        <enabled>true</enabled>
    </classAccesses>
    <classAccesses>
        <apexClass>MyProfilePageController</apexClass>
        <enabled>true</enabled>
    </classAccesses>
    <classAccesses>
        <apexClass>MyProfilePageControllerTest</apexClass>
        <enabled>true</enabled>
    </classAccesses>
    <classAccesses>
        <apexClass>SiteLoginController</apexClass>
        <enabled>true</enabled>
    </classAccesses>
    <classAccesses>
        <apexClass>SiteLoginControllerTest</apexClass>
        <enabled>true</enabled>
    </classAccesses>
    <classAccesses>
        <apexClass>SiteRegisterController</apexClass>
        <enabled>true</enabled>
    </classAccesses>
    <classAccesses>
        <apexClass>SiteRegisterControllerTest</apexClass>
        <enabled>true</enabled>
    </classAccesses>
    <custom>false</custom>
    <fieldPermissions>
        <editable>true</editable>
        <field>Job_Posting__c.Company_Size__c</field>
        <readable>true</readable>
    </fieldPermissions>
    <fieldPermissions>
        <editable>true</editable>
        <field>Job_Posting__c.Company_Stage_Enterprise__c</field>
        <readable>true</readable>
    </fieldPermissions>
    <fieldPermissions>
        <editable>true</editable>
        <field>Job_Posting__c.Currency__c</field>
        <readable>true</readable>
    </fieldPermissions>
    <fieldPermissions>
        <editable>true</editable>
        <field>Job_Posting__c.Description__c</field>
        <readable>true</readable>
    </fieldPermissions>
    <fieldPermissions>
        <editable>true</editable>
        <field>Job_Posting__c.ExperienceLevel__c</field>
        <readable>true</readable>
    </fieldPermissions>
    <fieldPermissions>
        <editable>true</editable>
        <field>Job_Posting__c.Flexible_Schedule__c</field>
        <readable>true</readable>
    </fieldPermissions>
    <fieldPermissions>
        <editable>true</editable>
        <field>Job_Posting__c.Green_Flags__c</field>
        <readable>true</readable>
    </fieldPermissions>
    <fieldPermissions>
        <editable>true</editable>
        <field>Job_Posting__c.Has_ND_Program__c</field>
        <readable>true</readable>
    </fieldPermissions>
    <fieldPermissions>
        <editable>true</editable>
        <field>Job_Posting__c.Industry__c</field>
        <readable>true</readable>
    </fieldPermissions>
    <fieldPermissions>
        <editable>true</editable>
        <field>Job_Posting__c.Interval__c</field>
        <readable>true</readable>
    </fieldPermissions>
    <fieldPermissions>
        <editable>true</editable>
        <field>Job_Posting__c.Job_Type__c</field>
        <readable>true</readable>
    </fieldPermissions>
    <fieldPermissions>
        <editable>true</editable>
        <field>Job_Posting__c.LastSynced__c</field>
        <readable>true</readable>
    </fieldPermissions>
    <fieldPermissions>
        <editable>true</editable>
        <field>Job_Posting__c.ND_Friendliness_Score__c</field>
        <readable>true</readable>
    </fieldPermissions>
    <fieldPermissions>
        <editable>true</editable>
        <field>Job_Posting__c.Posted_Date__c</field>
        <readable>true</readable>
    </fieldPermissions>
    <fieldPermissions>
        <editable>true</editable>
        <field>Job_Posting__c.Red_Flags__c</field>
        <readable>true</readable>
    </fieldPermissions>
    <fieldPermissions>
        <editable>true</editable>
        <field>Job_Posting__c.Remote_Policy__c</field>
        <readable>true</readable>
    </fieldPermissions>
    <fieldPermissions>
        <editable>true</editable>
        <field>Job_Posting__c.Research_Date__c</field>
        <readable>true</readable>
    </fieldPermissions>
    <fieldPermissions>
        <editable>true</editable>
        <field>Job_Posting__c.Research_JSON__c</field>
        <readable>true</readable>
    </fieldPermissions>
    <fieldPermissions>
        <editable>true</editable>
        <field>Job_Posting__c.Salary_Max__c</field>
        <readable>true</readable>
    </fieldPermissions>
    <fieldPermissions>
        <editable>true</editable>
        <field>Job_Posting__c.Salary_Min__c</field>
        <readable>true</readable>
    </fieldPermissions>
    <fieldPermissions>
        <editable>true</editable>
        <field>Job_Posting__c.Tags__c</field>
        <readable>true</readable>
    </fieldPermissions>
    <fieldPermissions>
        <editable>true</editable>
        <field>Job_Posting__c.URL__c</field>
        <readable>true</readable>
    </fieldPermissions>
    <fieldPermissions>
        <editable>true</editable>
        <field>Job_Posting__c.Workplace_Type__c</field>
        <readable>true</readable>
    </fieldPermissions>
    <fieldPermissions>
        <editable>true</editable>
        <field>Knowledge__kav.Content__c</field>
        <readable>true</readable>
    </fieldPermissions>
    <fieldPermissions>
        <editable>true</editable>
        <field>Knowledge__kav.DigitalEngagementResponse__c</field>
        <readable>true</readable>
    </fieldPermissions>
    <fieldPermissions>
        <editable>false</editable>
        <field>Knowledge__kav.InternalNotes__c</field>
        <readable>false</readable>
    </fieldPermissions>
    <fieldPermissions>
        <editable>true</editable>
        <field>Knowledge__kav.Question__c</field>
        <readable>true</readable>
    </fieldPermissions>
    <flowAccesses>
        <enabled>false</enabled>
        <flow>customer_satisfaction</flow>
    </flowAccesses>
    <flowAccesses>
        <enabled>false</enabled>
        <flow>discovery_call_assessment</flow>
    </flowAccesses>
    <flowAccesses>
        <enabled>false</enabled>
        <flow>net_promoter_score</flow>
    </flowAccesses>
    <layoutAssignments>
        <layout>Account-Account Layout</layout>
    </layoutAssignments>
    <layoutAssignments>
        <layout>AccountBrand-Account Brand Layout</layout>
    </layoutAssignments>
    <layoutAssignments>
        <layout>Address-Address Layout</layout>
    </layoutAssignments>
    <layoutAssignments>
        <layout>AlternativePaymentMethod-Alternative Payment Method Layout</layout>
    </layoutAssignments>
    <layoutAssignments>
        <layout>ApiAnomalyEventStore-API Anomaly Event Store Layout</layout>
    </layoutAssignments>
    <layoutAssignments>
        <layout>AppointmentInvitation-Appointment Invitation Layout</layout>
    </layoutAssignments>
    <layoutAssignments>
        <layout>ApptBundleConfig-Appointment Bundle Config Layout</layout>
    </layoutAssignments>
    <layoutAssignments>
        <layout>ApptBundlePolicy-Appointment Bundle Policy Layout</layout>
    </layoutAssignments>
    <layoutAssignments>
        <layout>Asset-Asset Layout</layout>
    </layoutAssignments>
    <layoutAssignments>
        <layout>AssetAction-Asset Action Layout</layout>
    </layoutAssignments>
    <layoutAssignments>
        <layout>AssetActionSource-Asset Action Source Layout</layout>
    </layoutAssignments>
    <layoutAssignments>
        <layout>AssetRelationship-Asset Relationship Layout</layout>
    </layoutAssignments>
    <layoutAssignments>
        <layout>AssetStatePeriod-Asset State Period Layout</layout>
    </layoutAssignments>
    <layoutAssignments>
        <layout>AssignedResource-Assigned Resource Layout</layout>
    </layoutAssignments>
    <layoutAssignments>
        <layout>AssociatedLocation-Associated Location Layout</layout>
    </layoutAssignments>
    <layoutAssignments>
        <layout>AsyncOperationLog-Async Operation Log Layout</layout>
    </layoutAssignments>
    <layoutAssignments>
        <layout>AuthorizationForm-Authorization Form Layout</layout>
    </layoutAssignments>
    <layoutAssignments>
        <layout>AuthorizationFormConsent-Authorization Form Consent Layout</layout>
    </layoutAssignments>
    <layoutAssignments>
        <layout>AuthorizationFormDataUse-Authorization Form Data Use Layout</layout>
    </layoutAssignments>
    <layoutAssignments>
        <layout>AuthorizationFormText-Authorization Form Text Layout</layout>
    </layoutAssignments>
    <layoutAssignments>
        <layout>BusinessBrand-Business Brand Layout</layout>
    </layoutAssignments>
    <layoutAssignments>
        <layout>Campaign-Campaign Layout</layout>
    </layoutAssignments>
    <layoutAssignments>
        <layout>CampaignMember-Campaign Member Page Layout</layout>
    </layoutAssignments>
    <layoutAssignments>
        <layout>CardPaymentMethod-Card Payment Method Layout</layout>
    </layoutAssignments>
    <layoutAssignments>
        <layout>CartCheckoutSession-Cart Checkout Session Layout</layout>
    </layoutAssignments>
    <layoutAssignments>
        <layout>CartDeliveryGroup-Cart Delivery Group Layout</layout>
    </layoutAssignments>
    <layoutAssignments>
        <layout>CartDeliveryGroupMethod-Cart Delivery Group Method Layout</layout>
    </layoutAssignments>
    <layoutAssignments>
        <layout>CartItem-Cart Item Layout</layout>
    </layoutAssignments>
    <layoutAssignments>
        <layout>CartTax-Cart Tax Layout</layout>
    </layoutAssignments>
    <layoutAssignments>
        <layout>CartValidationOutput-Cart Validation Output Layout</layout>
    </layoutAssignments>
    <layoutAssignments>
        <layout>Case-Case Layout</layout>
    </layoutAssignments>
    <layoutAssignments>
        <layout>CaseClose-Close Case Layout</layout>
    </layoutAssignments>
    <layoutAssignments>
        <layout>CaseMilestone-Case Milestone Layout</layout>
    </layoutAssignments>
    <layoutAssignments>
        <layout>CommunityMemberLayout-Community Member Layout</layout>
    </layoutAssignments>
    <layoutAssignments>
        <layout>ConsumptionRate-Consumption Rate Layout</layout>
    </layoutAssignments>
    <layoutAssignments>
        <layout>ConsumptionSchedule-Consumption Schedule Layout</layout>
    </layoutAssignments>
    <layoutAssignments>
        <layout>Contact-Contact Layout</layout>
    </layoutAssignments>
    <layoutAssignments>
        <layout>ContactPointAddress-Contact Point Address Layout</layout>
    </layoutAssignments>
    <layoutAssignments>
        <layout>ContactPointEmail-Contact Point Email Layout</layout>
    </layoutAssignments>
    <layoutAssignments>
        <layout>ContactPointPhone-Contact Point Phone Layout</layout>
    </layoutAssignments>
    <layoutAssignments>
        <layout>ContactPointTypeConsent-Contact Point Type Consent Layout</layout>
    </layoutAssignments>
    <layoutAssignments>
        <layout>ContentVersion-Content Version Layout</layout>
    </layoutAssignments>
    <layoutAssignments>
        <layout>Contract-Contract Layout</layout>
    </layoutAssignments>
    <layoutAssignments>
        <layout>ContractLineItem-Contract Line Item Layout</layout>
    </layoutAssignments>
    <layoutAssignments>
        <layout>ContractLineOutcome-Contract Line Outcome Layout</layout>
    </layoutAssignments>
    <layoutAssignments>
        <layout>ContractLineOutcomeData-Contract Line Outcome Data Layout</layout>
    </layoutAssignments>
    <layoutAssignments>
        <layout>CredentialStuffingEventStore-Credential Stuffing Event Store Layout</layout>
    </layoutAssignments>
    <layoutAssignments>
        <layout>CreditMemo-Credit Memo Layout</layout>
    </layoutAssignments>
    <layoutAssignments>
        <layout>CreditMemoInvApplication-Credit Memo Invoice Application Layout</layout>
    </layoutAssignments>
    <layoutAssignments>
        <layout>CreditMemoLine-Credit Memo Line Layout</layout>
    </layoutAssignments>
    <layoutAssignments>
        <layout>Customer-Customer Layout</layout>
    </layoutAssignments>
    <layoutAssignments>
        <layout>DandBCompany-D%26B Company Layout</layout>
    </layoutAssignments>
    <layoutAssignments>
        <layout>DataObjSecondaryIndex-Secondary Index Layout</layout>
    </layoutAssignments>
    <layoutAssignments>
        <layout>DataUseLegalBasis-Data Use Legal Basis Layout</layout>
    </layoutAssignments>
    <layoutAssignments>
        <layout>DataUsePurpose-Data Use Purpose Layout</layout>
    </layoutAssignments>
    <layoutAssignments>
        <layout>DelegatedAccount-External Managed Account Layout</layout>
    </layoutAssignments>
    <layoutAssignments>
        <layout>DigitalWallet-Digital Wallet Layout</layout>
    </layoutAssignments>
    <layoutAssignments>
        <layout>DuplicateRecordSet-Duplicate Record Set Layout</layout>
    </layoutAssignments>
    <layoutAssignments>
        <layout>DynamicDataCapture-Dynamic Data Capture Layout</layout>
    </layoutAssignments>
    <layoutAssignments>
        <layout>EmailMessage-Email Message Layout</layout>
    </layoutAssignments>
    <layoutAssignments>
        <layout>EngagementChannelType-Engagement Channel Type Layout</layout>
    </layoutAssignments>
    <layoutAssignments>
        <layout>Entitlement-Entitlement Layout</layout>
    </layoutAssignments>
    <layoutAssignments>
        <layout>EntityMilestone-Object Milestone Layout</layout>
    </layoutAssignments>
    <layoutAssignments>
        <layout>Event-Event Layout</layout>
    </layoutAssignments>
    <layoutAssignments>
        <layout>Expense-Expense Layout</layout>
    </layoutAssignments>
    <layoutAssignments>
        <layout>ExpenseReport-Expense Report Layout</layout>
    </layoutAssignments>
    <layoutAssignments>
        <layout>ExpenseReportEntry-Expense Report Entry Layout</layout>
    </layoutAssignments>
    <layoutAssignments>
        <layout>FeedItem-Feed Item Layout</layout>
    </layoutAssignments>
    <layoutAssignments>
        <layout>FinanceBalanceSnapshot-Finance Balance Snapshot Layout</layout>
    </layoutAssignments>
    <layoutAssignments>
        <layout>FinanceTransaction-Finance Transaction Layout</layout>
    </layoutAssignments>
    <layoutAssignments>
        <layout>FldSvcObjChg-Field Service Object Change Layout</layout>
    </layoutAssignments>
    <layoutAssignments>
        <layout>FldSvcObjChgDtl-Field Service Object Change Detail Layout</layout>
    </layoutAssignments>
    <layoutAssignments>
        <layout>FulfillmentOrder-Fulfillment Order Layout</layout>
    </layoutAssignments>
    <layoutAssignments>
        <layout>FulfillmentOrderItemAdjustment-Fulfillment Order Item Adjustment Layout</layout>
    </layoutAssignments>
    <layoutAssignments>
        <layout>FulfillmentOrderItemTax-Fulfillment Order Item Tax Layout</layout>
    </layoutAssignments>
    <layoutAssignments>
        <layout>FulfillmentOrderLineItem-Fulfillment Order Product Layout</layout>
    </layoutAssignments>
    <layoutAssignments>
        <layout>Global-Global Layout</layout>
    </layoutAssignments>
    <layoutAssignments>
        <layout>GuestUserAnomalyEventStore-Guest User Anomaly Event Store Layout</layout>
    </layoutAssignments>
    <layoutAssignments>
        <layout>Idea-Idea Layout</layout>
    </layoutAssignments>
    <layoutAssignments>
        <layout>Individual-Individual Layout</layout>
    </layoutAssignments>
    <layoutAssignments>
        <layout>Invoice-Invoice Layout</layout>
    </layoutAssignments>
    <layoutAssignments>
        <layout>InvoiceLine-Invoice Line Layout</layout>
    </layoutAssignments>
    <layoutAssignments>
        <layout>JobProfile-Job Profile Layout</layout>
    </layoutAssignments>
    <layoutAssignments>
        <layout>Job_Posting__c-JobPosting%5F%5Fc Layout</layout>
    </layoutAssignments>
    <layoutAssignments>
        <layout>Knowledge__kav-Knowledge Layout</layout>
    </layoutAssignments>
    <layoutAssignments>
        <layout>Lead-Lead Layout</layout>
    </layoutAssignments>
    <layoutAssignments>
        <layout>LegalEntity-Legal Entity Layout</layout>
    </layoutAssignments>
    <layoutAssignments>
        <layout>LiveChatTranscriptActive-Chat Transcript %28In Progress%29 Layout</layout>
    </layoutAssignments>
    <layoutAssignments>
        <layout>LiveChatTranscriptWaiting-Chat Transcript %28Waiting%29 Layout</layout>
    </layoutAssignments>
    <layoutAssignments>
        <layout>Location-Location Layout</layout>
    </layoutAssignments>
    <layoutAssignments>
        <layout>LocationGroup-Location Group Layout</layout>
    </layoutAssignments>
    <layoutAssignments>
        <layout>LocationGroupAssignment-Location Group Assignment Layout</layout>
    </layoutAssignments>
    <layoutAssignments>
        <layout>LoginAnomalyEventStore-Login Anomaly Event Store Layout</layout>
    </layoutAssignments>
    <layoutAssignments>
        <layout>Macro-Macro Layout</layout>
    </layoutAssignments>
    <layoutAssignments>
        <layout>MaintenanceAsset-Maintenance Asset Layout</layout>
    </layoutAssignments>
    <layoutAssignments>
        <layout>MaintenancePlan-Maintenance Plan Layout</layout>
    </layoutAssignments>
    <layoutAssignments>
        <layout>MaintenanceWorkRule-Maintenance Work Rule Layout</layout>
    </layoutAssignments>
    <layoutAssignments>
        <layout>OperatingHours-System Administrator Operating Hours Layout</layout>
    </layoutAssignments>
    <layoutAssignments>
        <layout>OperatingHoursHoliday-Operating Hours Holiday Layout</layout>
    </layoutAssignments>
    <layoutAssignments>
        <layout>Opportunity-Opportunity Layout</layout>
    </layoutAssignments>
    <layoutAssignments>
        <layout>OpportunityLineItem-Opportunity Product Layout</layout>
    </layoutAssignments>
    <layoutAssignments>
        <layout>Order-Order Layout</layout>
    </layoutAssignments>
    <layoutAssignments>
        <layout>OrderItem-Order Product Layout</layout>
    </layoutAssignments>
    <layoutAssignments>
        <layout>Payment-Payment Layout</layout>
    </layoutAssignments>
    <layoutAssignments>
        <layout>PaymentAuthAdjustment-Payment Authorization Adjustment Layout</layout>
    </layoutAssignments>
    <layoutAssignments>
        <layout>PaymentAuthorization-Payment Authorization Layout</layout>
    </layoutAssignments>
    <layoutAssignments>
        <layout>PaymentGateway-Payment Gateway Layout</layout>
    </layoutAssignments>
    <layoutAssignments>
        <layout>PaymentGatewayLog-Payment Gateway Log Layout</layout>
    </layoutAssignments>
    <layoutAssignments>
        <layout>PaymentGroup-Payment Group Layout</layout>
    </layoutAssignments>
    <layoutAssignments>
        <layout>PaymentLineInvoice-Payment Line Invoice Layout</layout>
    </layoutAssignments>
    <layoutAssignments>
        <layout>Pricebook2-Price Book Layout</layout>
    </layoutAssignments>
    <layoutAssignments>
        <layout>PricebookEntry-Price Book Entry Layout</layout>
    </layoutAssignments>
    <layoutAssignments>
        <layout>ProcessException-Process Exception Layout</layout>
    </layoutAssignments>
    <layoutAssignments>
        <layout>Product2-Product Layout</layout>
    </layoutAssignments>
    <layoutAssignments>
        <layout>ProductConsumed-Product Consumed Layout</layout>
    </layoutAssignments>
    <layoutAssignments>
        <layout>ProductConsumedState-Product Consumed State Layout</layout>
    </layoutAssignments>
    <layoutAssignments>
        <layout>ProductConsumptionSchedule-Product Consumption Schedule Layout</layout>
    </layoutAssignments>
    <layoutAssignments>
        <layout>ProductItem-Product Item Layout</layout>
    </layoutAssignments>
    <layoutAssignments>
        <layout>ProductItemTransaction-Product Item Transaction Layout</layout>
    </layoutAssignments>
    <layoutAssignments>
        <layout>ProductRequest-Product Request Layout</layout>
    </layoutAssignments>
    <layoutAssignments>
        <layout>ProductRequestLineItem-Product Request Line Item Layout</layout>
    </layoutAssignments>
    <layoutAssignments>
        <layout>ProductRequired-Product Required Layout</layout>
    </layoutAssignments>
    <layoutAssignments>
        <layout>ProductServiceCampaign-Product Service Campaign Layout</layout>
    </layoutAssignments>
    <layoutAssignments>
        <layout>ProductServiceCampaignItem-Product Service Campaign Item Layout</layout>
    </layoutAssignments>
    <layoutAssignments>
        <layout>ProductTransfer-Product Transfer Layout</layout>
    </layoutAssignments>
    <layoutAssignments>
        <layout>ProductTransferState-Product Transfer State Layout</layout>
    </layoutAssignments>
    <layoutAssignments>
        <layout>QuickText-Quick Text Layout</layout>
    </layoutAssignments>
    <layoutAssignments>
        <layout>RecordsetFilterCriteria-Recordset Filter Criteria Layout</layout>
    </layoutAssignments>
    <layoutAssignments>
        <layout>RecordsetFilterCriteriaRule-Recordset Filter Criteria Rule Layout</layout>
    </layoutAssignments>
    <layoutAssignments>
        <layout>Refund-Refund Layout</layout>
    </layoutAssignments>
    <layoutAssignments>
        <layout>RefundLinePayment-Refund Line Payment Layout</layout>
    </layoutAssignments>
    <layoutAssignments>
        <layout>ReportAnomalyEventStore-Report Anomaly Event Store Layout</layout>
    </layoutAssignments>
    <layoutAssignments>
        <layout>ResourceAbsence-Resource Absence Layout</layout>
    </layoutAssignments>
    <layoutAssignments>
        <layout>ResourcePreference-Resource Preference Layout</layout>
    </layoutAssignments>
    <layoutAssignments>
        <layout>ReturnOrder-Return Order Layout</layout>
    </layoutAssignments>
    <layoutAssignments>
        <layout>ReturnOrderItemAdjustment-Return Order Item Adjustment Layout</layout>
    </layoutAssignments>
    <layoutAssignments>
        <layout>ReturnOrderItemTax-Return Order Item Tax Layout</layout>
    </layoutAssignments>
    <layoutAssignments>
        <layout>ReturnOrderLineItem-Return Order Line Item Layout</layout>
    </layoutAssignments>
    <layoutAssignments>
        <layout>SchedulingConstraint-Scheduling Constraint Layout</layout>
    </layoutAssignments>
    <layoutAssignments>
        <layout>SchedulingObjective-Scheduling Objective Layout</layout>
    </layoutAssignments>
    <layoutAssignments>
        <layout>SchedulingRule-Scheduling Rule Layout</layout>
    </layoutAssignments>
    <layoutAssignments>
        <layout>SchedulingWorkspace-Scheduling Workspace Layout</layout>
    </layoutAssignments>
    <layoutAssignments>
        <layout>SchedulingWorkspaceTerritory-Scheduling Workspace Territory Layout</layout>
    </layoutAssignments>
    <layoutAssignments>
        <layout>Scorecard-Scorecard Layout</layout>
    </layoutAssignments>
    <layoutAssignments>
        <layout>ScorecardAssociation-Scorecard Association Layout</layout>
    </layoutAssignments>
    <layoutAssignments>
        <layout>ScorecardMetric-Scorecard Metric Layout</layout>
    </layoutAssignments>
    <layoutAssignments>
        <layout>Seller-Seller Layout</layout>
    </layoutAssignments>
    <layoutAssignments>
        <layout>ServiceAppointment-System Administrator Service Appointment Layout</layout>
    </layoutAssignments>
    <layoutAssignments>
        <layout>ServiceAppointmentCapacityUsage-Service Appointment Capacity Usage Layout</layout>
    </layoutAssignments>
    <layoutAssignments>
        <layout>ServiceAppointmentShift-Service Appointment Shift Layout</layout>
    </layoutAssignments>
    <layoutAssignments>
        <layout>ServiceContract-Service Contract Layout</layout>
    </layoutAssignments>
    <layoutAssignments>
        <layout>ServiceCrew-Service Crew Layout</layout>
    </layoutAssignments>
    <layoutAssignments>
        <layout>ServiceCrewMember-Service Crew Member Layout</layout>
    </layoutAssignments>
    <layoutAssignments>
        <layout>ServiceResource-System Administrator Service Resource Layout</layout>
    </layoutAssignments>
    <layoutAssignments>
        <layout>ServiceResourceCapacity-Resource Capacity Layout</layout>
    </layoutAssignments>
    <layoutAssignments>
        <layout>ServiceResourcePreference-Service Resource Preference Layout</layout>
    </layoutAssignments>
    <layoutAssignments>
        <layout>ServiceResourceSkill-Service Resource Skill Layout</layout>
    </layoutAssignments>
    <layoutAssignments>
        <layout>ServiceTerritory-Service Territory Layout</layout>
    </layoutAssignments>
    <layoutAssignments>
        <layout>ServiceTerritoryMember-Service Territory Member Layout</layout>
    </layoutAssignments>
    <layoutAssignments>
        <layout>SessionHijackingEventStore-Session Hijacking Event Store Layout</layout>
    </layoutAssignments>
    <layoutAssignments>
        <layout>Shift-Shift Layout</layout>
    </layoutAssignments>
    <layoutAssignments>
        <layout>ShiftPattern-Shift Pattern Layout</layout>
    </layoutAssignments>
    <layoutAssignments>
        <layout>ShiftPatternEntry-Shift Pattern Entry Layout</layout>
    </layoutAssignments>
    <layoutAssignments>
        <layout>ShiftSchedulingOperation-Shift Scheduling Operation Layout</layout>
    </layoutAssignments>
    <layoutAssignments>
        <layout>ShiftTemplate-Shift Template Layout</layout>
    </layoutAssignments>
    <layoutAssignments>
        <layout>ShiftWorkTopic-Shift Work Topic Layout</layout>
    </layoutAssignments>
    <layoutAssignments>
        <layout>Shipment-Shipment Layout</layout>
    </layoutAssignments>
    <layoutAssignments>
        <layout>ShippingConfigurationSet-Shipping Configuration Set Layout</layout>
    </layoutAssignments>
    <layoutAssignments>
        <layout>ShippingRateArea-Shipping Rate Area Layout</layout>
    </layoutAssignments>
    <layoutAssignments>
        <layout>ShippingRateGroup-Shipping Rate Group Layout</layout>
    </layoutAssignments>
    <layoutAssignments>
        <layout>SkillRequirement-Skill Requirement Layout</layout>
    </layoutAssignments>
    <layoutAssignments>
        <layout>SocialPersona-Social Persona Layout</layout>
    </layoutAssignments>
    <layoutAssignments>
        <layout>Solution-Solution Layout</layout>
    </layoutAssignments>
    <layoutAssignments>
        <layout>StandardShippingRate-Standard Shipping Rate Layout</layout>
    </layoutAssignments>
    <layoutAssignments>
        <layout>Swarm-Swarm Layout</layout>
    </layoutAssignments>
    <layoutAssignments>
        <layout>SwarmMember-Swarm Member Layout</layout>
    </layoutAssignments>
    <layoutAssignments>
        <layout>Task-Task Layout</layout>
    </layoutAssignments>
    <layoutAssignments>
        <layout>ThreatDetectionFeedback-Threat Detection Feedback Layout</layout>
    </layoutAssignments>
    <layoutAssignments>
        <layout>TimeSheet-Time Sheet Layout</layout>
    </layoutAssignments>
    <layoutAssignments>
        <layout>TimeSheetEntry-Time Sheet Entry Layout</layout>
    </layoutAssignments>
    <layoutAssignments>
        <layout>TimeSlot-Time Slot Layout</layout>
    </layoutAssignments>
    <layoutAssignments>
        <layout>TravelMode-Travel Mode Layout</layout>
    </layoutAssignments>
    <layoutAssignments>
        <layout>User-User Layout</layout>
    </layoutAssignments>
    <layoutAssignments>
        <layout>UserAlt-User Profile Layout</layout>
    </layoutAssignments>
    <layoutAssignments>
        <layout>UserProvAccount-User Provisioning Account Layout</layout>
    </layoutAssignments>
    <layoutAssignments>
        <layout>UserProvisioningLog-User Provisioning Log Layout</layout>
    </layoutAssignments>
    <layoutAssignments>
        <layout>UserProvisioningRequest-User Provisioning Request Layout</layout>
    </layoutAssignments>
    <layoutAssignments>
        <layout>Waitlist-%5F%5FMISSING LABEL%5F%5F PropertyFile - val Waitlist not found in section StandardLayouts</layout>
    </layoutAssignments>
    <layoutAssignments>
        <layout>WarrantyTerm-Warranty Term Layout</layout>
    </layoutAssignments>
    <layoutAssignments>
        <layout>WebCart-Cart Layout</layout>
    </layoutAssignments>
    <layoutAssignments>
        <layout>WebCartAdjustmentBasis-Cart Adjustment Basis Layout</layout>
    </layoutAssignments>
    <layoutAssignments>
        <layout>WebCartAdjustmentGroup-Cart Adjustment Group Layout</layout>
    </layoutAssignments>
    <layoutAssignments>
        <layout>WebStore-Store Layout</layout>
    </layoutAssignments>
    <layoutAssignments>
        <layout>WebStoreConfig-Web Store Configuration Layout</layout>
    </layoutAssignments>
    <layoutAssignments>
        <layout>WorkCapacityAvailability-Work Capacity Availability Layout</layout>
    </layoutAssignments>
    <layoutAssignments>
        <layout>WorkCapacityLimit-Work Capacity Limit Layout</layout>
    </layoutAssignments>
    <layoutAssignments>
        <layout>WorkCapacityUsage-Work Capacity Usage Layout</layout>
    </layoutAssignments>
    <layoutAssignments>
        <layout>WorkOrder-System Administrator Work Order Layout</layout>
    </layoutAssignments>
    <layoutAssignments>
        <layout>WorkOrderLineItem-System Administrator Work Order Line Item Layout</layout>
    </layoutAssignments>
    <layoutAssignments>
        <layout>WorkPlan-Work Plan Layout</layout>
    </layoutAssignments>
    <layoutAssignments>
        <layout>WorkPlanSelectionRule-Work Plan Selection Rule Layout</layout>
    </layoutAssignments>
    <layoutAssignments>
        <layout>WorkPlanTemplate-Work Plan Template Layout</layout>
    </layoutAssignments>
    <layoutAssignments>
        <layout>WorkPlanTemplateEntry-Work Plan Template Entry Layout</layout>
    </layoutAssignments>
    <layoutAssignments>
        <layout>WorkStep-Work Step Layout</layout>
    </layoutAssignments>
    <layoutAssignments>
        <layout>WorkStepTemplate-Work Step Template Layout</layout>
    </layoutAssignments>
    <layoutAssignments>
        <layout>WorkType-System Administrator Work Type Layout</layout>
    </layoutAssignments>
    <layoutAssignments>
        <layout>WorkTypeGroup-Work Type Group Layout</layout>
    </layoutAssignments>
    <layoutAssignments>
        <layout>WorkTypeGroupMember-Work Type Group Member Layout</layout>
    </layoutAssignments>
    <layoutAssignments>
        <layout>sf_devops__App_Config__mdt-sf_devops__App Config Layout</layout>
    </layoutAssignments>
    <layoutAssignments>
        <layout>sf_devops__Async_Operation_Result__c-sf_devops__Async Operation Result Layout</layout>
    </layoutAssignments>
    <layoutAssignments>
        <layout>sf_devops__Back_Sync__c-sf_devops__Back Sync Layout</layout>
    </layoutAssignments>
    <layoutAssignments>
        <layout>sf_devops__Branch__c-sf_devops__Branch Layout</layout>
    </layoutAssignments>
    <layoutAssignments>
        <layout>sf_devops__Change_Bundle_Install__c-sf_devops__Change Bundle Install Layout</layout>
    </layoutAssignments>
    <layoutAssignments>
        <layout>sf_devops__Change_Bundle__c-sf_devops__Change Bundle Layout</layout>
    </layoutAssignments>
    <layoutAssignments>
        <layout>sf_devops__Change_Submission__c-sf_devops__Change Submission Layout</layout>
    </layoutAssignments>
    <layoutAssignments>
        <layout>sf_devops__Deploy_Component__c-sf_devops__Deploy Component Layout</layout>
    </layoutAssignments>
    <layoutAssignments>
        <layout>sf_devops__Deployment_Result__c-sf_devops__Deployment Result Layout</layout>
    </layoutAssignments>
    <layoutAssignments>
        <layout>sf_devops__Environment__c-sf_devops__Environment Layout</layout>
    </layoutAssignments>
    <layoutAssignments>
        <layout>sf_devops__Hidden_Remote_Change__c-sf_devops__Hidden Remote Change Layout</layout>
    </layoutAssignments>
    <layoutAssignments>
        <layout>sf_devops__Merge_Result__c-sf_devops__Merge Result Layout</layout>
    </layoutAssignments>
    <layoutAssignments>
        <layout>sf_devops__Object_Activity__c-sf_devops__Object Activity Layout</layout>
    </layoutAssignments>
    <layoutAssignments>
        <layout>sf_devops__Pipeline_Stage__c-sf_devops__Pipeline Stage Layout</layout>
    </layoutAssignments>
    <layoutAssignments>
        <layout>sf_devops__Pipeline__c-sf_devops__Pipeline Layout</layout>
    </layoutAssignments>
    <layoutAssignments>
        <layout>sf_devops__Remote_Change__c-sf_devops__Remote Change Layout</layout>
    </layoutAssignments>
    <layoutAssignments>
        <layout>sf_devops__Service__mdt-sf_devops__Service Layout</layout>
    </layoutAssignments>
    <layoutAssignments>
        <layout>sf_devops__Source_Member_Reference__c-sf_devops__Source Member Reference Layout</layout>
    </layoutAssignments>
    <layoutAssignments>
        <layout>sf_devops__Submit_Component__c-sf_devops__Submit Component Layout</layout>
    </layoutAssignments>
    <layoutAssignments>
        <layout>sf_devops__Version__mdt-sf_devops__Version Layout</layout>
    </layoutAssignments>
    <layoutAssignments>
        <layout>sf_devops__Work_Item_Promote__c-sf_devops__Work Item Promote Layout</layout>
    </layoutAssignments>
    <objectPermissions>
        <allowCreate>true</allowCreate>
        <allowDelete>true</allowDelete>
        <allowEdit>true</allowEdit>
        <allowRead>true</allowRead>
        <modifyAllRecords>true</modifyAllRecords>
        <object>Job_Posting__c</object>
        <viewAllRecords>true</viewAllRecords>
    </objectPermissions>
    <objectPermissions>
        <allowCreate>true</allowCreate>
        <allowDelete>true</allowDelete>
        <allowEdit>true</allowEdit>
        <allowRead>true</allowRead>
        <modifyAllRecords>true</modifyAllRecords>
        <object>Knowledge__kav</object>
        <viewAllRecords>true</viewAllRecords>
    </objectPermissions>
    <tabVisibilities>
        <tab>Knowledge__kav</tab>
        <visibility>DefaultOn</visibility>
    </tabVisibilities>
    <userLicense>Salesforce</userLicense>
    <userPermissions>
        <enabled>true</enabled>
        <name>AIViewInsightObjects</name>
    </userPermissions>
    <userPermissions>
        <enabled>true</enabled>
        <name>AccessOrchestrationObjects</name>
    </userPermissions>
    <userPermissions>
        <enabled>true</enabled>
        <name>ActivateContract</name>
    </userPermissions>
    <userPermissions>
        <enabled>true</enabled>
        <name>ActivateOrder</name>
    </userPermissions>
    <userPermissions>
        <enabled>true</enabled>
        <name>ActivitiesAccess</name>
    </userPermissions>
    <userPermissions>
        <enabled>true</enabled>
        <name>AddDirectMessageMembers</name>
    </userPermissions>
    <userPermissions>
        <enabled>true</enabled>
        <name>AllowUniversalSearch</name>
    </userPermissions>
    <userPermissions>
        <enabled>true</enabled>
        <name>AllowViewKnowledge</name>
    </userPermissions>
    <userPermissions>
        <enabled>true</enabled>
        <name>ApexRestServices</name>
    </userPermissions>
    <userPermissions>
        <enabled>true</enabled>
        <name>ApiEnabled</name>
    </userPermissions>
    <userPermissions>
        <enabled>true</enabled>
        <name>AppFrameworkManageApp</name>
    </userPermissions>
    <userPermissions>
        <enabled>true</enabled>
        <name>AppFrameworkManageTemplate</name>
    </userPermissions>
    <userPermissions>
        <enabled>true</enabled>
        <name>ApprovalAdmin</name>
    </userPermissions>
    <userPermissions>
        <enabled>true</enabled>
        <name>ApprovalDesigner</name>
    </userPermissions>
    <userPermissions>
        <enabled>true</enabled>
        <name>ArchiveArticles</name>
    </userPermissions>
    <userPermissions>
        <enabled>true</enabled>
        <name>AssignPermissionSets</name>
    </userPermissions>
    <userPermissions>
        <enabled>true</enabled>
        <name>AssignTopics</name>
    </userPermissions>
    <userPermissions>
        <enabled>true</enabled>
        <name>AuthorApex</name>
    </userPermissions>
    <userPermissions>
        <enabled>true</enabled>
        <name>BulkMacrosAllowed</name>
    </userPermissions>
    <userPermissions>
        <enabled>true</enabled>
        <name>CanAccessCE</name>
    </userPermissions>
    <userPermissions>
        <enabled>true</enabled>
        <name>CanApproveUninstalledApps</name>
    </userPermissions>
    <userPermissions>
        <enabled>true</enabled>
        <name>CanInsertFeedSystemFields</name>
    </userPermissions>
    <userPermissions>
        <enabled>true</enabled>
        <name>CanUseNewDashboardBuilder</name>
    </userPermissions>
    <userPermissions>
        <enabled>true</enabled>
        <name>CanVerifyComment</name>
    </userPermissions>
    <userPermissions>
        <enabled>true</enabled>
        <name>ChangeDashboardColors</name>
    </userPermissions>
    <userPermissions>
        <enabled>true</enabled>
        <name>ChatterEditOwnPost</name>
    </userPermissions>
    <userPermissions>
        <enabled>true</enabled>
        <name>ChatterEditOwnRecordPost</name>
    </userPermissions>
    <userPermissions>
        <enabled>true</enabled>
        <name>ChatterFileLink</name>
    </userPermissions>
    <userPermissions>
        <enabled>true</enabled>
        <name>ChatterInternalUser</name>
    </userPermissions>
    <userPermissions>
        <enabled>true</enabled>
        <name>ChatterInviteExternalUsers</name>
    </userPermissions>
    <userPermissions>
        <enabled>true</enabled>
        <name>ChatterOwnGroups</name>
    </userPermissions>
    <userPermissions>
        <enabled>true</enabled>
        <name>ClientSecretRotation</name>
    </userPermissions>
    <userPermissions>
        <enabled>true</enabled>
        <name>ConnectOrgToEnvironmentHub</name>
    </userPermissions>
    <userPermissions>
        <enabled>true</enabled>
        <name>ConsentApiUpdate</name>
    </userPermissions>
    <userPermissions>
        <enabled>true</enabled>
        <name>ContentAdministrator</name>
    </userPermissions>
    <userPermissions>
        <enabled>true</enabled>
        <name>ContentWorkspaces</name>
    </userPermissions>
    <userPermissions>
        <enabled>true</enabled>
        <name>ConvertLeads</name>
    </userPermissions>
    <userPermissions>
        <enabled>true</enabled>
        <name>CreateCustomizeDashboards</name>
    </userPermissions>
    <userPermissions>
        <enabled>true</enabled>
        <name>CreateCustomizeFilters</name>
    </userPermissions>
    <userPermissions>
        <enabled>true</enabled>
        <name>CreateCustomizeReports</name>
    </userPermissions>
    <userPermissions>
        <enabled>true</enabled>
        <name>CreateDashboardFolders</name>
    </userPermissions>
    <userPermissions>
        <enabled>true</enabled>
        <name>CreateLtngTempFolder</name>
    </userPermissions>
    <userPermissions>
        <enabled>true</enabled>
        <name>CreatePackaging</name>
    </userPermissions>
    <userPermissions>
        <enabled>true</enabled>
        <name>CreateReportFolders</name>
    </userPermissions>
    <userPermissions>
        <enabled>true</enabled>
        <name>CreateTopics</name>
    </userPermissions>
    <userPermissions>
        <enabled>true</enabled>
        <name>CreateWorkspaces</name>
    </userPermissions>
    <userPermissions>
        <enabled>true</enabled>
        <name>CustomizeApplication</name>
    </userPermissions>
    <userPermissions>
        <enabled>true</enabled>
        <name>DataExport</name>
    </userPermissions>
    <userPermissions>
        <enabled>true</enabled>
        <name>DelegatedTwoFactor</name>
    </userPermissions>
    <userPermissions>
        <enabled>true</enabled>
        <name>DeleteActivatedContract</name>
    </userPermissions>
    <userPermissions>
        <enabled>true</enabled>
        <name>DeleteTopics</name>
    </userPermissions>
    <userPermissions>
        <enabled>true</enabled>
        <name>DistributeFromPersWksp</name>
    </userPermissions>
    <userPermissions>
        <enabled>true</enabled>
        <name>EditActivatedOrders</name>
    </userPermissions>
    <userPermissions>
        <enabled>true</enabled>
        <name>EditBillingInfo</name>
    </userPermissions>
    <userPermissions>
        <enabled>true</enabled>
        <name>EditBrandTemplates</name>
    </userPermissions>
    <userPermissions>
        <enabled>true</enabled>
        <name>EditCaseComments</name>
    </userPermissions>
    <userPermissions>
        <enabled>true</enabled>
        <name>EditEvent</name>
    </userPermissions>
    <userPermissions>
        <enabled>true</enabled>
        <name>EditHtmlTemplates</name>
    </userPermissions>
    <userPermissions>
        <enabled>true</enabled>
        <name>EditKnowledge</name>
    </userPermissions>
    <userPermissions>
        <enabled>true</enabled>
        <name>EditMyDashboards</name>
    </userPermissions>
    <userPermissions>
        <enabled>true</enabled>
        <name>EditMyReports</name>
    </userPermissions>
    <userPermissions>
        <enabled>true</enabled>
        <name>EditOppLineItemUnitPrice</name>
    </userPermissions>
    <userPermissions>
        <enabled>true</enabled>
        <name>EditPublicDocuments</name>
    </userPermissions>
    <userPermissions>
        <enabled>true</enabled>
        <name>EditPublicFilters</name>
    </userPermissions>
    <userPermissions>
        <enabled>true</enabled>
        <name>EditPublicTemplates</name>
    </userPermissions>
    <userPermissions>
        <enabled>true</enabled>
        <name>EditReadonlyFields</name>
    </userPermissions>
    <userPermissions>
        <enabled>true</enabled>
        <name>EditTask</name>
    </userPermissions>
    <userPermissions>
        <enabled>true</enabled>
        <name>EditTopics</name>
    </userPermissions>
    <userPermissions>
        <enabled>true</enabled>
        <name>EditTranslation</name>
    </userPermissions>
    <userPermissions>
        <enabled>true</enabled>
        <name>EmailMass</name>
    </userPermissions>
    <userPermissions>
        <enabled>true</enabled>
        <name>EmailSingle</name>
    </userPermissions>
    <userPermissions>
        <enabled>true</enabled>
        <name>EnableCommunityAppLauncher</name>
    </userPermissions>
    <userPermissions>
        <enabled>true</enabled>
        <name>EnableNotifications</name>
    </userPermissions>
    <userPermissions>
        <enabled>true</enabled>
        <name>ExportReport</name>
    </userPermissions>
    <userPermissions>
        <enabled>true</enabled>
        <name>ExternalClientAppAdmin</name>
    </userPermissions>
    <userPermissions>
        <enabled>true</enabled>
        <name>ExternalClientAppDeveloper</name>
    </userPermissions>
    <userPermissions>
        <enabled>true</enabled>
        <name>ExternalClientAppViewer</name>
    </userPermissions>
    <userPermissions>
        <enabled>true</enabled>
        <name>FieldServiceAccess</name>
    </userPermissions>
    <userPermissions>
        <enabled>true</enabled>
        <name>FreezeUsers</name>
    </userPermissions>
    <userPermissions>
        <enabled>true</enabled>
        <name>GiveRecognitionBadge</name>
    </userPermissions>
    <userPermissions>
        <enabled>true</enabled>
        <name>ImportCustomObjects</name>
    </userPermissions>
    <userPermissions>
        <enabled>true</enabled>
        <name>ImportLeads</name>
    </userPermissions>
    <userPermissions>
        <enabled>true</enabled>
        <name>ImportPersonal</name>
    </userPermissions>
    <userPermissions>
        <enabled>true</enabled>
        <name>InstallPackaging</name>
    </userPermissions>
    <userPermissions>
        <enabled>true</enabled>
        <name>LightningConsoleAllowedForUser</name>
    </userPermissions>
    <userPermissions>
        <enabled>true</enabled>
        <name>LightningExperienceUser</name>
    </userPermissions>
    <userPermissions>
        <enabled>true</enabled>
        <name>ListEmailSend</name>
    </userPermissions>
    <userPermissions>
        <enabled>true</enabled>
        <name>ManageAnalyticSnapshots</name>
    </userPermissions>
    <userPermissions>
        <enabled>true</enabled>
        <name>ManageAuthProviders</name>
    </userPermissions>
    <userPermissions>
        <enabled>true</enabled>
        <name>ManageBusinessHourHolidays</name>
    </userPermissions>
    <userPermissions>
        <enabled>true</enabled>
        <name>ManageC360AConnections</name>
    </userPermissions>
    <userPermissions>
        <enabled>true</enabled>
        <name>ManageCMS</name>
    </userPermissions>
    <userPermissions>
        <enabled>true</enabled>
        <name>ManageCallCenters</name>
    </userPermissions>
    <userPermissions>
        <enabled>true</enabled>
        <name>ManageCases</name>
    </userPermissions>
    <userPermissions>
        <enabled>true</enabled>
        <name>ManageCategories</name>
    </userPermissions>
    <userPermissions>
        <enabled>true</enabled>
        <name>ManageCertificates</name>
    </userPermissions>
    <userPermissions>
        <enabled>true</enabled>
        <name>ManageContentPermissions</name>
    </userPermissions>
    <userPermissions>
        <enabled>true</enabled>
        <name>ManageContentProperties</name>
    </userPermissions>
    <userPermissions>
        <enabled>true</enabled>
        <name>ManageContentTaxonomy</name>
    </userPermissions>
    <userPermissions>
        <enabled>true</enabled>
        <name>ManageContentTypes</name>
    </userPermissions>
    <userPermissions>
        <enabled>true</enabled>
        <name>ManageCustomDomains</name>
    </userPermissions>
    <userPermissions>
        <enabled>true</enabled>
        <name>ManageCustomPermissions</name>
    </userPermissions>
    <userPermissions>
        <enabled>true</enabled>
        <name>ManageCustomReportTypes</name>
    </userPermissions>
    <userPermissions>
        <enabled>true</enabled>
        <name>ManageDashbdsInPubFolders</name>
    </userPermissions>
    <userPermissions>
        <enabled>true</enabled>
        <name>ManageDataCategories</name>
    </userPermissions>
    <userPermissions>
        <enabled>true</enabled>
        <name>ManageDataIntegrations</name>
    </userPermissions>
    <userPermissions>
        <enabled>true</enabled>
        <name>ManageDataMaskPolicies</name>
    </userPermissions>
    <userPermissions>
        <enabled>true</enabled>
        <name>ManageDynamicDashboards</name>
    </userPermissions>
    <userPermissions>
        <enabled>true</enabled>
        <name>ManageEmailClientConfig</name>
    </userPermissions>
    <userPermissions>
        <enabled>true</enabled>
        <name>ManageEntitlements</name>
    </userPermissions>
    <userPermissions>
        <enabled>true</enabled>
        <name>ManageExchangeConfig</name>
    </userPermissions>
    <userPermissions>
        <enabled>true</enabled>
        <name>ManageFilesAndAttachments</name>
    </userPermissions>
    <userPermissions>
        <enabled>true</enabled>
        <name>ManageHealthCheck</name>
    </userPermissions>
    <userPermissions>
        <enabled>true</enabled>
        <name>ManageHubConnections</name>
    </userPermissions>
    <userPermissions>
        <enabled>true</enabled>
        <name>ManageInteraction</name>
    </userPermissions>
    <userPermissions>
        <enabled>true</enabled>
        <name>ManageInternalUsers</name>
    </userPermissions>
    <userPermissions>
        <enabled>true</enabled>
        <name>ManageIpAddresses</name>
    </userPermissions>
    <userPermissions>
        <enabled>true</enabled>
        <name>ManageKnowledge</name>
    </userPermissions>
    <userPermissions>
        <enabled>true</enabled>
        <name>ManageKnowledgeImportExport</name>
    </userPermissions>
    <userPermissions>
        <enabled>true</enabled>
        <name>ManageLeads</name>
    </userPermissions>
    <userPermissions>
        <enabled>true</enabled>
        <name>ManageLoginAccessPolicies</name>
    </userPermissions>
    <userPermissions>
        <enabled>true</enabled>
        <name>ManageMobile</name>
    </userPermissions>
    <userPermissions>
        <enabled>true</enabled>
        <name>ManageMobileAppSecurity</name>
    </userPermissions>
    <userPermissions>
        <enabled>true</enabled>
        <name>ManageNetworks</name>
    </userPermissions>
    <userPermissions>
        <enabled>true</enabled>
        <name>ManageOrchInstsAndWorkItems</name>
    </userPermissions>
    <userPermissions>
        <enabled>true</enabled>
        <name>ManagePackageLicenses</name>
    </userPermissions>
    <userPermissions>
        <enabled>true</enabled>
        <name>ManagePartners</name>
    </userPermissions>
    <userPermissions>
        <enabled>true</enabled>
        <name>ManagePasswordPolicies</name>
    </userPermissions>
    <userPermissions>
        <enabled>true</enabled>
        <name>ManageProfilesPermissionsets</name>
    </userPermissions>
    <userPermissions>
        <enabled>true</enabled>
        <name>ManagePropositions</name>
    </userPermissions>
    <userPermissions>
        <enabled>true</enabled>
        <name>ManagePvtRptsAndDashbds</name>
    </userPermissions>
    <userPermissions>
        <enabled>true</enabled>
        <name>ManageRecommendationStrategies</name>
    </userPermissions>
    <userPermissions>
        <enabled>true</enabled>
        <name>ManageReleaseUpdates</name>
    </userPermissions>
    <userPermissions>
        <enabled>true</enabled>
        <name>ManageRemoteAccess</name>
    </userPermissions>
    <userPermissions>
        <enabled>true</enabled>
        <name>ManageReportsInPubFolders</name>
    </userPermissions>
    <userPermissions>
        <enabled>true</enabled>
        <name>ManageRoles</name>
    </userPermissions>
    <userPermissions>
        <enabled>true</enabled>
        <name>ManageSearchPromotionRules</name>
    </userPermissions>
    <userPermissions>
        <enabled>true</enabled>
        <name>ManageSharing</name>
    </userPermissions>
    <userPermissions>
        <enabled>true</enabled>
        <name>ManageSolutions</name>
    </userPermissions>
    <userPermissions>
        <enabled>true</enabled>
        <name>ManageSubscriptions</name>
    </userPermissions>
    <userPermissions>
        <enabled>true</enabled>
        <name>ManageSynonyms</name>
    </userPermissions>
    <userPermissions>
        <enabled>true</enabled>
        <name>ManageTranslation</name>
    </userPermissions>
    <userPermissions>
        <enabled>true</enabled>
        <name>ManageUnlistedGroups</name>
    </userPermissions>
    <userPermissions>
        <enabled>true</enabled>
        <name>ManageUsers</name>
    </userPermissions>
    <userPermissions>
        <enabled>true</enabled>
        <name>MassInlineEdit</name>
    </userPermissions>
    <userPermissions>
        <enabled>true</enabled>
        <name>MergeTopics</name>
    </userPermissions>
    <userPermissions>
        <enabled>true</enabled>
        <name>ModerateChatter</name>
    </userPermissions>
    <userPermissions>
        <enabled>true</enabled>
        <name>ModifyAllData</name>
    </userPermissions>
    <userPermissions>
        <enabled>true</enabled>
        <name>ModifyDataClassification</name>
    </userPermissions>
    <userPermissions>
        <enabled>true</enabled>
        <name>ModifyMetadata</name>
    </userPermissions>
    <userPermissions>
        <enabled>true</enabled>
        <name>MonitorLoginHistory</name>
    </userPermissions>
    <userPermissions>
        <enabled>true</enabled>
        <name>NewReportBuilder</name>
    </userPermissions>
    <userPermissions>
        <enabled>true</enabled>
        <name>OmnichannelInventorySync</name>
    </userPermissions>
    <userPermissions>
        <enabled>true</enabled>
        <name>Packaging2</name>
    </userPermissions>
    <userPermissions>
        <enabled>true</enabled>
        <name>Packaging2Delete</name>
    </userPermissions>
    <userPermissions>
        <enabled>true</enabled>
        <name>Packaging2PromoteVersion</name>
    </userPermissions>
    <userPermissions>
        <enabled>true</enabled>
        <name>PrivacyDataAccess</name>
    </userPermissions>
    <userPermissions>
        <enabled>true</enabled>
        <name>PublishArticles</name>
    </userPermissions>
    <userPermissions>
        <enabled>true</enabled>
        <name>PublishPackaging</name>
    </userPermissions>
    <userPermissions>
        <enabled>true</enabled>
        <name>PublishTranslation</name>
    </userPermissions>
    <userPermissions>
        <enabled>true</enabled>
        <name>QrCodeGeneratorMobilePublisherPlayground</name>
    </userPermissions>
    <userPermissions>
        <enabled>true</enabled>
        <name>RemoveDirectMessageMembers</name>
    </userPermissions>
    <userPermissions>
        <enabled>true</enabled>
        <name>ResetPasswords</name>
    </userPermissions>
    <userPermissions>
        <enabled>true</enabled>
        <name>RunReports</name>
    </userPermissions>
    <userPermissions>
        <enabled>true</enabled>
        <name>ScheduleReports</name>
    </userPermissions>
    <userPermissions>
        <enabled>true</enabled>
        <name>SelectFilesFromSalesforce</name>
    </userPermissions>
    <userPermissions>
        <enabled>true</enabled>
        <name>SendCustomNotifications</name>
    </userPermissions>
    <userPermissions>
        <enabled>true</enabled>
        <name>SendSitRequests</name>
    </userPermissions>
    <userPermissions>
        <enabled>true</enabled>
        <name>ShareFilesWithNetworks</name>
    </userPermissions>
    <userPermissions>
        <enabled>true</enabled>
        <name>ShareInternalArticles</name>
    </userPermissions>
    <userPermissions>
        <enabled>true</enabled>
        <name>ShowCompanyNameAsUserBadge</name>
    </userPermissions>
    <userPermissions>
        <enabled>true</enabled>
        <name>SolutionImport</name>
    </userPermissions>
    <userPermissions>
        <enabled>true</enabled>
        <name>SubmitForTranslation</name>
    </userPermissions>
    <userPermissions>
        <enabled>true</enabled>
        <name>SubmitMacrosAllowed</name>
    </userPermissions>
    <userPermissions>
        <enabled>true</enabled>
        <name>SubscribeDashboardRolesGrps</name>
    </userPermissions>
    <userPermissions>
        <enabled>true</enabled>
        <name>SubscribeDashboardToOtherUsers</name>
    </userPermissions>
    <userPermissions>
        <enabled>true</enabled>
        <name>SubscribeReportRolesGrps</name>
    </userPermissions>
    <userPermissions>
        <enabled>true</enabled>
        <name>SubscribeReportToOtherUsers</name>
    </userPermissions>
    <userPermissions>
        <enabled>true</enabled>
        <name>SubscribeReportsRunAsUser</name>
    </userPermissions>
    <userPermissions>
        <enabled>true</enabled>
        <name>SubscribeToLightningDashboards</name>
    </userPermissions>
    <userPermissions>
        <enabled>true</enabled>
        <name>SubscribeToLightningReports</name>
    </userPermissions>
    <userPermissions>
        <enabled>true</enabled>
        <name>TerritoryOperations</name>
    </userPermissions>
    <userPermissions>
        <enabled>true</enabled>
        <name>TransactionalEmailSend</name>
    </userPermissions>
    <userPermissions>
        <enabled>true</enabled>
        <name>TransferAnyCase</name>
    </userPermissions>
    <userPermissions>
        <enabled>true</enabled>
        <name>TransferAnyEntity</name>
    </userPermissions>
    <userPermissions>
        <enabled>true</enabled>
        <name>TransferAnyLead</name>
    </userPermissions>
    <userPermissions>
        <enabled>true</enabled>
        <name>UseFulfillmentAPIs</name>
    </userPermissions>
    <userPermissions>
        <enabled>true</enabled>
        <name>UseOmnichannelInventoryAPIs</name>
    </userPermissions>
    <userPermissions>
        <enabled>true</enabled>
        <name>UseRegisterGuestBuyerAPI</name>
    </userPermissions>
    <userPermissions>
        <enabled>true</enabled>
        <name>UseReturnOrder</name>
    </userPermissions>
    <userPermissions>
        <enabled>true</enabled>
        <name>UseReturnOrderAPIs</name>
    </userPermissions>
    <userPermissions>
        <enabled>true</enabled>
        <name>UseTeamReassignWizards</name>
    </userPermissions>
    <userPermissions>
        <enabled>true</enabled>
        <name>UseWebLink</name>
    </userPermissions>
    <userPermissions>
        <enabled>true</enabled>
        <name>UserInteractionInsights</name>
    </userPermissions>
    <userPermissions>
        <enabled>true</enabled>
        <name>ViewAllData</name>
    </userPermissions>
    <userPermissions>
        <enabled>true</enabled>
        <name>ViewAllProfiles</name>
    </userPermissions>
    <userPermissions>
        <enabled>true</enabled>
        <name>ViewAllUsers</name>
    </userPermissions>
    <userPermissions>
        <enabled>true</enabled>
        <name>ViewArchivedArticles</name>
    </userPermissions>
    <userPermissions>
        <enabled>true</enabled>
        <name>ViewClientSecret</name>
    </userPermissions>
    <userPermissions>
        <enabled>true</enabled>
        <name>ViewContentTaxonomy</name>
    </userPermissions>
    <userPermissions>
        <enabled>true</enabled>
        <name>ViewDataAssessment</name>
    </userPermissions>
    <userPermissions>
        <enabled>true</enabled>
        <name>ViewDataCategories</name>
    </userPermissions>
    <userPermissions>
        <enabled>true</enabled>
        <name>ViewDataLeakageEvents</name>
    </userPermissions>
    <userPermissions>
        <enabled>true</enabled>
        <name>ViewDeveloperName</name>
    </userPermissions>
    <userPermissions>
        <enabled>true</enabled>
        <name>ViewDraftArticles</name>
    </userPermissions>
    <userPermissions>
        <enabled>true</enabled>
        <name>ViewEventLogFiles</name>
    </userPermissions>
    <userPermissions>
        <enabled>true</enabled>
        <name>ViewFlowUsageAndFlowEventData</name>
    </userPermissions>
    <userPermissions>
        <enabled>true</enabled>
        <name>ViewHealthCheck</name>
    </userPermissions>
    <userPermissions>
        <enabled>true</enabled>
        <name>ViewHelpLink</name>
    </userPermissions>
    <userPermissions>
        <enabled>true</enabled>
        <name>ViewMLModels</name>
    </userPermissions>
    <userPermissions>
        <enabled>true</enabled>
        <name>ViewMyTeamsDashboards</name>
    </userPermissions>
    <userPermissions>
        <enabled>true</enabled>
        <name>ViewPlatformEvents</name>
    </userPermissions>
    <userPermissions>
        <enabled>true</enabled>
        <name>ViewPublicDashboards</name>
    </userPermissions>
    <userPermissions>
        <enabled>true</enabled>
        <name>ViewPublicReports</name>
    </userPermissions>
    <userPermissions>
        <enabled>true</enabled>
        <name>ViewRoles</name>
    </userPermissions>
    <userPermissions>
        <enabled>true</enabled>
        <name>ViewSALifecycle</name>
    </userPermissions>
    <userPermissions>
        <enabled>true</enabled>
        <name>ViewSetup</name>
    </userPermissions>
    <userPermissions>
        <enabled>true</enabled>
        <name>ViewUserPII</name>
    </userPermissions>
    <userPermissions>
        <enabled>true</enabled>
        <name>WorkCalibrationUser</name>
    </userPermissions>
</Profile>
