<?xml version="1.0" encoding="UTF-8"?>
<CustomField xmlns="http://soap.sforce.com/2006/04/metadata">
    <fullName>Company_Stage_Enterprise__c</fullName>
    <description>This field identifies the company stage.</description>
    <label>Company Stage Enterprise</label>
    <required>false</required>
    <trackHistory>false</trackHistory>
    <trackTrending>false</trackTrending>
    <type>Picklist</type>
    <valueSet>
        <restricted>true</restricted>
        <valueSetDefinition>
            <sorted>false</sorted>
            <value>
                <fullName>Startup</fullName>
                <default>false</default>
                <label>Startup</label>
            </value>
            <value>
                <fullName>Scale-up</fullName>
                <default>false</default>
                <label>Scale-up</label>
            </value>
            <value>
                <fullName>Mid-market</fullName>
                <default>false</default>
                <label>Mid-market</label>
            </value>
            <value>
                <fullName>Enterprise</fullName>
                <default>false</default>
                <label>Enterprise</label>
            </value>
        </valueSetDefinition>
    </valueSet>
</CustomField>
