<?xml version="1.0" encoding="UTF-8"?>
<CustomField xmlns="http://soap.sforce.com/2006/04/metadata">
    <fullName>ExperienceLevel__c</fullName>
    <label>Experience Level</label>
    <required>false</required>
    <trackHistory>false</trackHistory>
    <trackTrending>false</trackTrending>
    <type>Picklist</type>
    <valueSet>
        <restricted>true</restricted>
        <valueSetDefinition>
            <sorted>false</sorted>
            <value>
                <fullName>Entry Level</fullName>
                <default>false</default>
                <label>Entry Level</label>
            </value>
            <value>
                <fullName>Mid Level</fullName>
                <default>false</default>
                <label>Mid Level</label>
            </value>
            <value>
                <fullName>Senior</fullName>
                <default>false</default>
                <label>Senior</label>
            </value>
            <value>
                <fullName>Executive</fullName>
                <default>false</default>
                <label>Executive</label>
            </value>
        </valueSetDefinition>
    </valueSet>
</CustomField>
